"Symbol","Series","Date","Prev Close","Open Price","High Price","Low Price","Last Price","Close Price","Average Price","Total Traded Quantity","Turnover","No. of Trades"
"INFY","EQ","28-Mar-2016","       1207.80","       1232.40","       1237.00","       1195.75","       1209.00","       1204.90","       1212.25","    5393755","          6538591760.30","     112913"
"INFY","EQ","29-Mar-2016","       1204.90","       1199.00","       1218.90","       1191.55","       1195.00","       1197.25","       1205.49","    3497678","          4216417212.10","      91763"
"INFY","EQ","30-Mar-2016","       1197.25","       1197.60","       1210.00","       1195.55","       1206.60","       1205.95","       1205.03","    2878409","          3468574631.15","      94161"
"INFY","EQ","31-Mar-2016","       1205.95","       1210.25","       1229.90","       1200.30","       1220.00","       1218.30","       1215.31","    8998160","         10935517716.10","     207681"
"INFY","BL","01-Apr-2016","       2136.10","       1220.25","       1220.25","       1220.15","       1220.15","       1220.15","       1220.18","     775000","           945635922.10","          2"
"INFY","EQ","01-Apr-2016","       1218.30","       1216.00","       1222.20","       1195.10","       1207.60","       1205.45","       1208.16","    2755714","          3329332085.20","      97501"
"INFY","EQ","04-Apr-2016","       1205.45","       1213.55","       1248.00","       1213.55","       1245.30","       1243.70","       1234.52","    2288527","          2825238079.55","      76941"
"INFY","EQ","05-Apr-2016","       1243.70","       1242.00","       1242.30","       1214.00","       1218.00","       1219.80","       1227.40","    2395358","          2940055243.40","      72189"
"INFY","EQ","06-Apr-2016","       1219.80","       1228.00","       1228.00","       1196.00","       1201.65","       1200.70","       1208.74","    2465677","          2980355277.20","      82745"
"INFY","EQ","07-Apr-2016","       1200.70","       1208.40","       1208.40","       1175.00","       1181.00","       1181.50","       1183.37","    2828945","          3347681449.70","     110844"
"INFY","EQ","08-Apr-2016","       1181.50","       1175.85","       1177.50","       1162.05","       1167.25","       1165.75","       1169.04","    2097789","          2452392809.00","      73531"
"INFY","EQ","11-Apr-2016","       1165.75","       1165.80","       1186.75","       1151.10","       1184.10","       1183.90","       1170.05","    2884339","          3374830284.65","      94441"
"INFY","EQ","12-Apr-2016","       1183.90","       1180.50","       1194.90","       1178.60","       1183.00","       1182.20","       1185.97","    2921069","          3464293129.30","      91101"
"INFY","EQ","13-Apr-2016","       1182.20","       1194.95","       1194.95","       1166.35","       1176.00","       1172.70","       1176.38","    6255693","          7359084498.75","     184136"
"INFY","EQ","18-Apr-2016","       1172.70","       1250.00","       1267.90","       1233.50","       1237.15","       1238.70","       1247.17","   12507995","         15599650785.85","     287988"
"INFY","EQ","20-Apr-2016","       1238.70","       1244.00","       1246.45","       1225.80","       1244.00","       1243.60","       1237.18","    4036424","          4993801014.85","     139599"
"INFY","EQ","21-Apr-2016","       1243.60","       1251.00","       1251.00","       1218.10","       1226.80","       1226.30","       1231.52","    2720550","          3350409728.55","      97218"
"INFY","EQ","22-Apr-2016","       1226.30","       1226.30","       1228.50","       1207.00","       1212.75","       1211.25","       1215.94","    2571969","          3127365364.55","      96983"
"INFY","EQ","25-Apr-2016","       1211.25","       1212.05","       1224.80","       1201.10","       1219.25","       1215.85","       1211.42","    2682067","          3249112707.55","      91828"
"INFY","EQ","26-Apr-2016","       1215.85","       1215.45","       1239.55","       1208.60","       1230.15","       1232.15","       1227.12","    2923372","          3587319456.60","      91684"
"INFY","EQ","27-Apr-2016","       1232.15","       1229.20","       1242.35","       1228.55","       1239.15","       1240.15","       1236.90","    2243104","          2774491729.15","     110848"
"INFY","EQ","28-Apr-2016","       1240.15","       1231.00","       1239.60","       1207.00","       1210.00","       1209.15","       1213.55","    6082584","          7381519426.40","     136015"
"INFY","EQ","29-Apr-2016","       1209.15","       1211.45","       1223.55","       1205.00","       1206.20","       1208.10","       1211.59","    2518205","          3051020531.80","     103524"
"INFY","EQ","02-May-2016","       1208.10","       1210.00","       1211.15","       1196.15","       1199.55","       1201.05","       1200.96","    1807625","          2170885250.55","      50153"
"INFY","EQ","03-May-2016","       1201.05","       1202.75","       1212.20","       1171.80","       1177.95","       1177.80","       1190.11","    3412405","          4061149572.25","     132901"
"INFY","EQ","04-May-2016","       1177.80","       1181.00","       1193.00","       1170.65","       1190.00","       1188.85","       1182.72","    2906421","          3437484343.55","     106651"
"INFY","EQ","05-May-2016","       1188.85","       1195.15","       1199.00","       1181.10","       1195.45","       1192.45","       1189.58","    3151334","          3748759043.20","     137968"
"INFY","EQ","06-May-2016","       1192.45","       1189.80","       1189.80","       1177.05","       1179.00","       1181.50","       1181.92","    1298360","          1534551847.40","      54186"
"INFY","EQ","09-May-2016","       1181.50","       1182.00","       1201.55","       1180.60","       1199.85","       1199.05","       1192.94","    2561839","          3056124204.70","      81316"
"INFY","EQ","10-May-2016","       1199.05","       1202.50","       1216.65","       1196.60","       1211.95","       1212.80","       1206.66","    1697852","          2048735525.90","      75786"
"INFY","EQ","11-May-2016","       1212.80","       1198.50","       1214.70","       1192.50","       1204.00","       1201.85","       1203.69","    1854944","          2232783130.80","      64272"
"INFY","EQ","12-May-2016","       1201.85","       1203.90","       1213.00","       1196.80","       1210.80","       1210.00","       1205.68","    1703466","          2053842245.15","      77725"
"INFY","EQ","13-May-2016","       1210.00","       1206.00","       1210.00","       1192.15","       1208.00","       1207.25","       1202.44","    2826032","          3398141904.45","      81828"
"INFY","EQ","16-May-2016","       1207.25","       1210.20","       1223.65","       1205.00","       1212.80","       1215.00","       1214.69","    2266939","          2753623614.10","      77520"
"INFY","EQ","17-May-2016","       1215.00","       1220.00","       1225.75","       1208.15","       1213.55","       1214.25","       1219.27","    1898147","          2314345530.60","      75775"
"INFY","EQ","18-May-2016","       1214.25","       1199.00","       1214.00","       1197.90","       1212.00","       1209.85","       1204.37","    2128298","          2563260479.55","      60053"
"INFY","EQ","19-May-2016","       1209.85","       1210.95","       1216.15","       1201.00","       1201.15","       1205.75","       1208.41","    1977200","          2389258585.65","      63251"
"INFY","EQ","20-May-2016","       1205.75","       1205.00","       1219.50","       1200.00","       1200.90","       1201.60","       1209.24","    1997274","          2415192559.75","      72124"
"INFY","EQ","23-May-2016","       1201.60","       1203.40","       1205.15","       1185.00","       1188.20","       1188.00","       1191.44","    2292973","          2731935850.15","      65785"
"INFY","EQ","24-May-2016","       1188.00","       1191.05","       1191.75","       1177.60","       1190.00","       1187.75","       1184.79","    1742530","          2064534719.95","      85326"
"INFY","EQ","25-May-2016","       1187.75","       1194.10","       1213.10","       1194.10","       1209.15","       1208.65","       1208.82","    1928698","          2331455439.70","      66033"
"INFY","EQ","26-May-2016","       1208.65","       1210.10","       1239.80","       1210.10","       1237.90","       1234.15","       1227.35","    3068218","          3765768592.45","      96613"
"INFY","EQ","27-May-2016","       1234.15","       1231.60","       1259.50","       1231.60","       1245.00","       1247.50","       1249.54","    3090382","          3861555367.90","      79330"
"INFY","EQ","30-May-2016","       1247.50","       1241.50","       1272.00","       1241.50","       1267.00","       1267.60","       1267.25","    2642850","          3349159368.45","      92600"
"INFY","EQ","31-May-2016","       1267.60","       1265.00","       1266.75","       1239.00","       1250.85","       1248.65","       1248.07","    6891019","          8600491438.55","     125656"
"INFY","EQ","01-Jun-2016","       1248.65","       1246.05","       1268.50","       1246.00","       1256.00","       1258.20","       1258.82","    2420267","          3046672700.20","      72781"
"INFY","EQ","02-Jun-2016","       1258.20","       1255.00","       1274.90","       1254.00","       1260.50","       1261.55","       1264.53","    2526776","          3195178702.85","     105567"
"INFY","EQ","03-Jun-2016","       1261.55","       1260.05","       1279.30","       1260.05","       1267.00","       1266.90","       1271.43","    1999190","          2541822477.30","      70963"
"INFY","EQ","06-Jun-2016","       1266.90","       1264.90","       1277.00","       1261.10","       1267.25","       1266.75","       1269.53","    2112884","          2682362140.85","      77880"
"INFY","EQ","07-Jun-2016","       1266.75","       1267.00","       1272.50","       1255.10","       1256.00","       1257.40","       1263.86","    2846210","          3597199328.75","      74826"
"INFY","EQ","08-Jun-2016","       1257.40","       1263.95","       1263.95","       1235.35","       1237.00","       1238.10","       1242.80","    4370685","          5431892699.45","     113032"
"INFY","EQ","09-Jun-2016","       1238.10","       1226.25","       1226.25","       1180.05","       1187.00","       1185.50","       1191.98","    6370402","          7593381453.55","     169983"
"INFY","EQ","10-Jun-2016","       1185.50","       1175.40","       1190.00","       1170.10","       1181.00","       1180.60","       1180.30","    3191978","          3767482480.75","     112385"
"INFY","EQ","13-Jun-2016","       1180.60","       1176.80","       1184.90","       1166.00","       1180.00","       1180.90","       1176.48","    2643361","          3109855382.85","      92827"
"INFY","EQ","14-Jun-2016","       1180.90","       1182.40","       1182.40","       1167.25","       1176.00","       1175.00","       1173.27","    1470364","          1725136289.95","      76094"
"INFY","EQ","15-Jun-2016","       1175.00","       1183.70","       1192.65","       1179.05","       1189.55","       1189.95","       1184.11","    3355786","          3973610804.60","      97170"
"INFY","EQ","16-Jun-2016","       1189.95","       1189.50","       1189.50","       1170.10","       1186.30","       1186.00","       1179.61","    2651282","          3127477049.30","      96066"
"INFY","EQ","17-Jun-2016","       1186.00","       1189.00","       1192.75","       1175.10","       1179.45","       1179.50","       1179.51","    4257541","          5021828421.25","      84979"
"INFY","EQ","20-Jun-2016","       1179.50","       1181.00","       1211.80","       1179.70","       1207.00","       1208.75","       1199.39","    3114783","          3735847753.55","      84105"
"INFY","EQ","21-Jun-2016","       1208.75","       1211.20","       1214.80","       1195.65","       1206.50","       1206.10","       1204.61","    2380862","          2868013851.20","      57770"
"INFY","EQ","22-Jun-2016","       1206.10","       1204.00","       1211.95","       1188.15","       1197.35","       1199.50","       1199.49","    1515629","          1817988768.65","      52549"
"INFY","EQ","23-Jun-2016","       1199.50","       1197.30","       1214.85","       1193.35","       1210.75","       1211.60","       1203.62","    1914313","          2304105634.50","     102672"
"INFY","EQ","24-Jun-2016","       1211.60","       1188.00","       1199.00","       1160.00","       1191.20","       1194.55","       1187.02","    3904174","          4634322656.05","      80878"
"INFY","EQ","27-Jun-2016","       1194.55","       1172.05","       1183.20","       1160.00","       1165.05","       1166.20","       1170.54","    2791889","          3268027324.15","      95815"
"INFY","EQ","28-Jun-2016","       1166.20","       1162.80","       1172.50","       1155.10","       1158.95","       1159.15","       1161.08","    3827987","          4444586239.30","     140277"
"INFY","EQ","29-Jun-2016","       1159.15","       1169.00","       1179.90","       1160.20","       1177.00","       1176.85","       1169.63","    2729575","          3192594353.45","      91172"
"INFY","EQ","30-Jun-2016","       1176.85","       1180.50","       1184.50","       1167.95","       1171.90","       1170.80","       1173.73","    4673112","          5484981719.00","     117143"
"INFY","EQ","01-Jul-2016","       1170.80","       1180.00","       1180.00","       1170.10","       1171.05","       1172.40","       1174.40","    1995956","          2344042644.50","      83613"
"INFY","EQ","04-Jul-2016","       1172.40","       1176.20","       1194.60","       1176.20","       1185.00","       1183.95","       1186.25","    2690661","          3191792274.85","      97976"
"INFY","EQ","05-Jul-2016","       1183.95","       1185.00","       1187.50","       1171.05","       1174.00","       1175.45","       1176.77","    1798208","          2116084017.95","      61330"
"INFY","EQ","07-Jul-2016","       1175.45","       1168.70","       1171.00","       1155.00","       1160.00","       1157.25","       1159.93","    2977438","          3453631860.30","     131833"
"INFY","EQ","08-Jul-2016","       1157.25","       1163.00","       1167.00","       1153.50","       1161.95","       1158.20","       1161.28","    2775824","          3223520902.80","     123336"
"INFY","EQ","11-Jul-2016","       1158.20","       1167.40","       1178.70","       1160.00","       1173.75","       1175.05","       1169.68","    3334441","          3900242644.00","      97975"
"INFY","EQ","12-Jul-2016","       1175.05","       1180.00","       1180.35","       1168.00","       1176.00","       1176.55","       1174.18","    3098684","          3638403710.90","      90016"
"INFY","EQ","13-Jul-2016","       1176.55","       1180.00","       1195.80","       1175.20","       1192.30","       1193.80","       1186.15","    2637710","          3128727245.60","      73207"
"INFY","EQ","14-Jul-2016","       1193.80","       1195.00","       1196.05","       1164.00","       1177.65","       1176.25","       1179.62","    3706664","          4372439897.20","     102739"
"INFY","EQ","15-Jul-2016","       1176.25","       1189.50","       1189.90","       1052.00","       1070.80","       1072.55","       1085.37","   30742063","         33366591097.85","     707440"
"INFY","EQ","18-Jul-2016","       1072.55","       1077.25","       1084.90","       1055.15","       1081.00","       1081.95","       1072.00","    7166412","          7682361812.05","     240953"
"INFY","EQ","19-Jul-2016","       1081.95","       1088.60","       1090.00","       1074.10","       1088.00","       1086.95","       1082.75","    5202322","          5632801598.95","     178219"
"INFY","EQ","20-Jul-2016","       1086.95","       1070.00","       1089.90","       1070.00","       1083.50","       1083.10","       1081.83","    4911448","          5313369528.70","     104095"
"INFY","EQ","21-Jul-2016","       1083.10","       1079.00","       1087.20","       1075.60","       1080.10","       1079.90","       1079.65","    4334001","          4679193730.50","     130542"
"INFY","EQ","22-Jul-2016","       1079.90","       1070.00","       1079.90","       1066.70","       1074.50","       1072.45","       1070.52","    4693269","          5024244656.10","      93296"
"INFY","EQ","25-Jul-2016","       1072.45","       1063.00","       1083.25","       1063.00","       1079.40","       1080.85","       1075.57","    4234776","          4554802179.35","      97327"
"INFY","EQ","26-Jul-2016","       1080.85","       1070.35","       1089.90","       1070.35","       1086.05","       1088.70","       1085.65","    3594805","          3902694859.50","      60846"
"INFY","EQ","27-Jul-2016","       1088.70","       1084.70","       1096.50","       1078.55","       1084.00","       1085.35","       1085.13","    3715910","          4032229605.95","      65130"
"INFY","EQ","28-Jul-2016","       1085.35","       1085.40","       1086.95","       1074.05","       1077.00","       1077.50","       1078.63","    5629281","          6071912465.30","      84046"
"INFY","EQ","29-Jul-2016","       1077.50","       1072.60","       1076.75","       1066.50","       1075.00","       1073.85","       1073.14","    4078392","          4376687907.80","      96309"
"INFY","EQ","01-Aug-2016","       1073.85","       1071.50","       1087.85","       1068.35","       1086.00","       1085.25","       1078.19","    4548331","          4903963865.40","      84226"
"INFY","EQ","02-Aug-2016","       1085.25","       1079.90","       1085.00","       1075.00","       1085.00","       1083.80","       1079.83","    3411251","          3683561727.00","      74776"
"INFY","EQ","03-Aug-2016","       1083.80","       1085.65","       1086.50","       1070.30","       1085.00","       1084.90","       1078.92","    3606730","          3891373601.20","      93756"
"INFY","EQ","04-Aug-2016","       1084.90","       1086.40","       1086.90","       1070.05","       1071.45","       1071.80","       1074.90","    2118639","          2277331567.30","      64592"
"INFY","EQ","05-Aug-2016","       1071.80","       1072.00","       1073.45","       1060.00","       1065.05","       1068.00","       1066.86","    2804984","          2992534285.90","      98969"
"INFY","EQ","08-Aug-2016","       1068.00","       1069.00","       1081.00","       1062.55","       1074.40","       1078.70","       1074.88","    2321532","          2495374579.65","      86035"
"INFY","EQ","09-Aug-2016","       1078.70","       1077.00","       1084.50","       1071.50","       1080.40","       1083.40","       1079.81","    3596332","          3883365579.75","      79692"
"INFY","EQ","10-Aug-2016","       1083.40","       1076.00","       1087.90","       1075.20","       1079.95","       1082.35","       1080.96","    2788227","          3013968178.90","      72781"
"INFY","EQ","11-Aug-2016","       1082.35","       1081.70","       1095.00","       1075.25","       1078.75","       1077.35","       1081.51","    2519276","          2724633994.65","      68282"
"INFY","EQ","12-Aug-2016","       1077.35","       1075.05","       1078.80","       1060.00","       1061.60","       1062.55","       1069.52","    3724964","          3983911354.55","     116371"
"INFY","EQ","16-Aug-2016","       1062.55","       1042.00","       1058.05","       1028.00","       1052.20","       1051.80","       1046.71","    8214704","          8598374851.95","     177774"
"INFY","EQ","17-Aug-2016","       1051.80","       1049.95","       1052.65","       1030.50","       1034.40","       1033.30","       1037.78","    3299658","          3424334724.10","     134252"
"INFY","EQ","18-Aug-2016","       1033.30","       1036.50","       1039.10","       1021.50","       1023.00","       1023.40","       1028.77","    4217000","          4338343575.35","     113563"
"INFY","EQ","19-Aug-2016","       1023.40","       1030.00","       1039.00","       1018.45","       1022.15","       1021.30","       1026.81","    2843008","          2919222195.20","     132229"
"INFY","EQ","22-Aug-2016","       1021.30","       1018.00","       1030.00","       1009.10","       1015.90","       1015.45","       1014.33","    5126759","          5200200615.85","     184159"
"INFY","EQ","23-Aug-2016","       1015.45","       1020.10","       1042.00","       1020.10","       1039.95","       1039.65","       1033.85","    3703069","          3828422614.50","     135014"
"INFY","EQ","24-Aug-2016","       1039.65","       1047.00","       1062.05","       1047.00","       1055.15","       1057.40","       1056.00","    3064983","          3236633964.30","     118286"
"INFY","EQ","25-Aug-2016","       1057.40","       1055.00","       1057.60","       1032.10","       1036.90","       1036.15","       1041.32","    2398281","          2497389786.35","      67028"
"INFY","EQ","26-Aug-2016","       1036.15","       1036.00","       1046.00","       1017.05","       1019.70","       1020.25","       1028.03","    3440527","          3536957213.15","     144271"
"INFY","EQ","29-Aug-2016","       1020.25","       1017.60","       1030.00","       1011.00","       1029.05","       1022.80","       1018.39","    2610141","          2658142523.15","     137001"
"INFY","EQ","30-Aug-2016","       1022.80","       1032.45","       1045.00","       1025.00","       1040.25","       1040.40","       1035.23","    2187719","          2264785515.55","      76218"
"INFY","EQ","31-Aug-2016","       1040.40","       1037.10","       1045.75","       1027.80","       1033.85","       1035.85","       1037.31","    5569907","          5777732670.55","     131672"
"INFY","EQ","01-Sep-2016","       1035.85","       1038.00","       1040.45","       1032.00","       1037.00","       1037.55","       1036.28","    1438913","          1491112695.30","      48366"
"INFY","EQ","02-Sep-2016","       1037.55","       1039.05","       1040.00","       1026.20","       1030.00","       1031.85","       1032.75","    1666296","          1720872549.85","      67456"
"INFY","EQ","06-Sep-2016","       1031.85","       1038.25","       1048.90","       1035.60","       1046.00","       1045.00","       1044.90","    4107522","          4291968460.15","     105919"
"INFY","EQ","07-Sep-2016","       1045.00","       1048.00","       1059.00","       1044.00","       1049.85","       1054.35","       1052.97","    3712735","          3909393157.00","     103327"
"INFY","EQ","08-Sep-2016","       1054.35","       1045.00","       1045.00","       1024.00","       1038.75","       1037.65","       1033.47","    4546387","          4698542573.25","     108004"
"INFY","EQ","09-Sep-2016","       1037.65","       1037.00","       1041.00","       1026.55","       1036.00","       1035.50","       1033.89","    2526719","          2612343989.90","      96783"
"INFY","EQ","12-Sep-2016","       1035.50","       1025.25","       1058.00","       1025.25","       1055.00","       1054.00","       1052.85","    3101548","          3265470606.55","     104493"
"INFY","EQ","14-Sep-2016","       1054.00","       1053.95","       1057.80","       1040.65","       1044.95","       1045.60","       1051.80","    2576209","          2709659227.30","      79152"
"INFY","EQ","15-Sep-2016","       1045.60","       1045.60","       1046.80","       1035.35","       1044.90","       1042.20","       1039.10","    2350861","          2442780873.80","      53602"
"INFY","EQ","16-Sep-2016","       1042.20","       1049.00","       1064.50","       1038.10","       1055.65","       1060.15","       1054.92","    4974692","          5247899728.35","      98707"
"INFY","EQ","19-Sep-2016","       1060.15","       1046.00","       1068.90","       1041.35","       1060.60","       1061.20","       1061.60","    2904577","          3083488888.05","      70094"
"INFY","EQ","20-Sep-2016","       1061.20","       1053.30","       1057.15","       1045.75","       1052.00","       1050.15","       1049.18","    2107002","          2210615656.30","      90429"
"INFY","EQ","21-Sep-2016","       1050.15","       1054.00","       1061.25","       1051.05","       1057.40","       1055.75","       1056.37","    2115766","          2235039197.55","      68813"
"INFY","EQ","22-Sep-2016","       1055.75","       1059.00","       1061.00","       1052.00","       1061.00","       1058.80","       1057.37","    1814757","          1918861654.10","      80240"
"INFY","EQ","23-Sep-2016","       1058.80","       1057.00","       1058.80","       1040.00","       1041.00","       1042.55","       1048.92","    2602647","          2729960271.05","      57629"
"INFY","EQ","26-Sep-2016","       1042.55","       1042.75","       1044.00","       1031.00","       1036.05","       1035.90","       1035.98","    3185899","          3300515053.75","      80536"
"INFY","EQ","27-Sep-2016","       1035.90","       1035.05","       1049.90","       1033.35","       1043.00","       1039.75","       1042.58","    3262830","          3401748997.90","      62988"
"INFY","EQ","28-Sep-2016","       1039.75","       1040.00","       1042.30","       1033.25","       1037.90","       1038.95","       1037.88","    2717354","          2820298182.40","      45609"
"INFY","EQ","29-Sep-2016","       1038.95","       1044.95","       1044.95","       1024.00","       1035.20","       1029.20","       1031.41","    4451319","          4591119673.70","      79293"
"INFY","EQ","30-Sep-2016","       1029.20","       1031.10","       1043.90","       1031.10","       1033.80","       1036.05","       1039.62","    3251177","          3379989891.30","      66361"
"INFY","EQ","03-Oct-2016","       1036.05","       1035.50","       1040.00","       1026.10","       1039.55","       1038.10","       1034.46","    1828080","          1891074153.85","      64407"
"INFY","EQ","04-Oct-2016","       1038.10","       1040.00","       1051.40","       1038.30","       1049.00","       1049.20","       1044.60","    2533293","          2646274899.25","      53736"
"INFY","EQ","05-Oct-2016","       1049.20","       1049.20","       1049.85","       1037.00","       1040.70","       1041.50","       1041.28","    1153787","          1201412564.30","      49296"
"INFY","EQ","06-Oct-2016","       1041.50","       1045.00","       1045.00","       1025.95","       1027.00","       1027.40","       1029.49","    1860941","          1915811565.60","      82909"
"INFY","EQ","07-Oct-2016","       1027.40","       1029.95","       1033.80","       1010.10","       1011.00","       1012.55","       1016.90","    3144279","          3197411005.70","     134156"
"INFY","EQ","10-Oct-2016","       1012.55","       1017.00","       1031.75","       1010.00","       1031.00","       1029.95","       1023.64","    2706585","          2770559296.80","      64262"
"INFY","EQ","13-Oct-2016","       1029.95","       1021.40","       1058.00","       1021.40","       1050.00","       1052.35","       1048.53","    4889345","          5126616164.30","     144394"
"INFY","EQ","14-Oct-2016","       1052.35","       1052.90","       1082.70","        996.25","       1025.70","       1027.15","       1035.98","   16730845","         17332866114.15","     374818"
"INFY","EQ","17-Oct-2016","       1027.15","       1034.95","       1041.80","       1017.35","       1025.15","       1022.40","       1028.56","    4007429","          4121892312.80","      74006"
"INFY","EQ","18-Oct-2016","       1022.40","       1030.00","       1040.50","       1027.30","       1039.00","       1039.05","       1033.41","    3194067","          3300781473.60","      64906"
"INFY","EQ","19-Oct-2016","       1039.05","       1042.00","       1045.70","       1036.00","       1041.40","       1041.80","       1042.05","    1754918","          1828720112.40","      46788"
"INFY","EQ","20-Oct-2016","       1041.80","       1044.75","       1050.70","       1033.80","       1038.00","       1036.65","       1039.45","    1767745","          1837490210.30","      53760"
"INFY","EQ","21-Oct-2016","       1036.65","       1035.00","       1041.00","       1022.50","       1037.50","       1038.30","       1036.08","    1931810","          2001515443.30","      59548"
"INFY","EQ","24-Oct-2016","       1038.30","       1037.50","       1042.70","       1025.50","       1027.60","       1027.10","       1030.31","    1451487","          1495478009.75","      44094"
"INFY","EQ","25-Oct-2016","       1027.10","       1036.50","       1038.90","       1015.20","       1017.35","       1017.20","       1022.44","    2818007","          2881233443.15","      80752"
"INFY","EQ","26-Oct-2016","       1017.20","       1017.00","       1019.85","       1009.30","       1013.20","       1014.20","       1013.36","    1387608","          1406142594.10","      49773"
"INFY","EQ","27-Oct-2016","       1014.20","       1017.90","       1017.95","       1001.10","       1004.50","       1003.50","       1007.07","    3613895","          3639452891.35","     103905"
"INFY","EQ","28-Oct-2016","       1003.50","       1005.20","       1010.00","        993.15","        997.00","        997.50","        998.54","    2920353","          2916078941.85","      76622"
"INFY","EQ","30-Oct-2016","        997.50","       1001.00","       1005.95","        999.80","       1002.40","       1002.10","       1002.14","     319036","           319718260.70","      14192"
"INFY","EQ","01-Nov-2016","       1002.10","       1006.80","       1006.80","        986.40","        990.40","        989.45","        992.37","    3166399","          3142237325.00","     126304"
"INFY","EQ","02-Nov-2016","        989.45","        984.80","        987.50","        980.00","        980.50","        981.05","        982.57","    2688597","          2641723818.65","     105692"
"INFY","EQ","03-Nov-2016","        981.05","        981.05","        982.00","        965.10","        968.00","        966.85","        970.25","    2612554","          2534834116.95","     132420"
"INFY","EQ","04-Nov-2016","        966.85","        967.00","        979.20","        961.00","        971.00","        971.00","        970.61","    3002774","          2914529709.25","     123012"
"INFY","EQ","07-Nov-2016","        971.00","        985.00","        986.00","        975.00","        978.95","        977.95","        980.47","    2268836","          2224535617.95","      62718"
"INFY","EQ","08-Nov-2016","        977.95","        986.90","        987.75","        970.60","        982.60","        982.60","        979.56","    2630554","          2576778481.00","      75639"
"INFY","EQ","09-Nov-2016","        982.60","        930.00","        974.60","        901.00","        963.00","        958.30","        950.89","    6382079","          6068657393.05","     150348"
"INFY","EQ","10-Nov-2016","        958.30","        962.50","        962.50","        935.00","        946.00","        939.40","        944.17","    3643665","          3440236246.40","     110042"
"INFY","EQ","11-Nov-2016","        939.40","        940.00","        945.00","        918.70","        921.90","        921.55","        927.27","    3548391","          3290317525.40","      91104"
"INFY","EQ","15-Nov-2016","        921.55","        924.00","        939.95","        908.55","        917.60","        923.55","        924.70","    4617925","          4270173168.75","     290307"
"INFY","EQ","16-Nov-2016","        923.55","        930.00","        956.85","        928.55","        935.40","        940.90","        946.16","    6111308","          5782269258.70","     177387"
"INFY","EQ","17-Nov-2016","        940.90","        934.25","        949.00","        926.40","        928.00","        929.80","        938.14","    2853365","          2676845191.35","     117685"
"INFY","EQ","18-Nov-2016","        929.80","        930.00","        933.25","        917.50","        918.00","        920.00","        925.99","    3020114","          2796602729.00","     121639"
"INFY","EQ","21-Nov-2016","        920.00","        926.90","        926.90","        906.95","        914.00","        911.10","        918.76","    3970284","          3647743382.25","     129057"
"INFY","EQ","22-Nov-2016","        911.10","        916.90","        928.65","        911.65","        914.85","        914.20","        918.14","    2741563","          2517129608.00","     106048"
"INFY","EQ","23-Nov-2016","        914.20","        922.10","        922.90","        912.45","        921.00","        920.25","        918.81","    4125893","          3790922745.85","     130883"
"INFY","EQ","24-Nov-2016","        920.25","        928.20","        939.90","        923.30","        930.00","        930.30","        931.71","    8390322","          7817314313.55","     131479"
"INFY","EQ","25-Nov-2016","        930.30","        930.45","        985.00","        930.45","        974.70","        977.50","        971.84","    6315690","          6137814600.95","     206134"
"INFY","EQ","28-Nov-2016","        977.50","        979.30","        983.45","        970.60","        978.05","        979.75","        978.12","    3682856","          3602267991.25","     114279"
"INFY","EQ","29-Nov-2016","        979.75","        978.80","        984.70","        967.10","        973.45","        972.60","        976.81","    3062753","          2991717837.20","      84322"
"INFY","EQ","30-Nov-2016","        972.60","        973.00","        977.00","        961.05","        974.05","        975.55","        973.42","    4250459","          4137474119.55","      99676"
"INFY","EQ","01-Dec-2016","        975.55","        976.00","        983.55","        967.00","        974.95","        975.60","        974.84","    2305795","          2247777694.45","      68019"
"INFY","EQ","02-Dec-2016","        975.60","        964.80","        969.60","        961.10","        963.00","        964.50","        966.01","    2226614","          2150941266.50","     130557"
"INFY","EQ","05-Dec-2016","        964.50","        965.90","        968.60","        958.00","        961.00","        961.65","        961.83","    1829788","          1759944181.50","      57931"
"INFY","EQ","06-Dec-2016","        961.65","        961.80","        979.50","        961.65","        968.55","        966.50","        971.03","    1781055","          1729462849.55","      64774"
"INFY","EQ","07-Dec-2016","        966.50","        968.00","        973.00","        960.20","        966.70","        966.40","        967.48","    1692990","          1637934318.85","      77351"
"INFY","EQ","08-Dec-2016","        966.40","        970.05","        986.10","        970.05","        985.00","        984.65","        983.22","    2970831","          2920977613.20","      83482"
"INFY","EQ","09-Dec-2016","        984.65","        985.00","       1008.15","        981.50","        986.00","        989.35","        995.37","    4324192","          4304149910.90","     121111"
"INFY","EQ","12-Dec-2016","        989.35","        982.80","        982.80","        965.20","        978.00","        977.35","        972.86","    2672510","          2599982626.45","      74619"
"INFY","EQ","13-Dec-2016","        977.35","        980.50","        992.85","        971.10","        987.50","        990.20","        983.95","    2427141","          2388175696.90","      71109"
"INFY","EQ","14-Dec-2016","        990.20","        991.00","       1004.95","        984.10","        999.00","        999.75","        996.89","    2691307","          2682939451.85","      63665"
"INFY","EQ","15-Dec-2016","        999.75","        997.40","       1018.95","        989.00","        992.40","        992.35","       1007.80","    3983208","          4014289728.00","     107209"
"INFY","EQ","16-Dec-2016","        992.35","       1003.80","       1009.70","        997.75","       1004.45","       1005.15","       1004.24","    3218371","          3232002245.60","      93462"
"INFY","EQ","19-Dec-2016","       1005.15","       1006.10","       1008.25","        994.10","       1005.00","       1004.65","       1000.85","    2062067","          2063821244.65","      52933"
"INFY","EQ","20-Dec-2016","       1004.65","       1002.00","       1019.00","       1001.30","       1013.50","       1012.15","       1012.54","    3818249","          3866136667.85","     121711"
"INFY","EQ","21-Dec-2016","       1012.15","       1016.00","       1022.00","        998.25","       1002.50","       1001.55","       1011.82","    3671988","          3715406428.40","      85526"
"INFY","EQ","22-Dec-2016","       1001.55","       1002.50","       1007.00","        969.50","        986.00","        984.70","        987.93","    3530027","          3487409629.85","     109425"
"INFY","EQ","23-Dec-2016","        984.70","        984.90","       1006.60","        973.60","        988.25","        988.45","        989.92","    3653018","          3616211974.35","      87394"
"INFY","EQ","26-Dec-2016","        988.45","        988.00","        994.00","        975.10","        983.35","        982.75","        983.28","    1606914","          1580049959.65","      47565"
"INFY","EQ","27-Dec-2016","        982.75","        982.75","       1001.90","        980.00","        996.90","        998.95","        993.09","    2456408","          2439426050.60","      57508"
"INFY","EQ","28-Dec-2016","        998.95","       1002.95","       1009.80","        995.00","        999.00","        998.50","       1003.15","    2738408","          2747039845.30","      81224"
"INFY","EQ","29-Dec-2016","        998.50","       1003.75","       1008.00","        988.15","        990.00","        992.35","        997.88","    3120062","          3113451671.95","      92963"
"INFY","EQ","30-Dec-2016","        992.35","        998.00","       1012.00","        992.75","       1011.00","       1010.60","       1006.91","    3633884","          3659012155.60","     100569"
"INFY","EQ","02-Jan-2017","       1010.60","       1011.10","       1012.95","        999.35","       1002.90","       1001.10","       1004.35","    1167611","          1172694415.90","      28829"
"INFY","EQ","03-Jan-2017","       1001.10","       1004.10","       1004.90","        982.00","        995.05","        993.85","        989.67","    3389241","          3354225264.35","     113621"
"INFY","EQ","04-Jan-2017","        993.85","        995.05","       1004.20","        992.25","        992.45","        997.75","        998.94","    3536793","          3533038014.60","      99650"
"INFY","EQ","05-Jan-2017","        997.75","       1001.60","       1009.50","        988.75","        996.20","        996.15","       1000.19","    4103537","          4104325149.70","     100603"
"INFY","EQ","06-Jan-2017","        996.15","        994.90","        998.85","        968.05","        977.30","        972.25","        973.69","    7196724","          7007392619.10","     171262"
"INFY","EQ","09-Jan-2017","        972.25","        972.25","        976.95","        965.00","        970.00","        970.35","        969.08","    5272846","          5109833702.85","      86963"
"INFY","EQ","10-Jan-2017","        970.35","        977.00","        981.00","        967.95","        971.15","        970.55","        973.74","    5969927","          5813159905.30","      97596"
"INFY","EQ","11-Jan-2017","        970.55","        974.20","        978.45","        963.95","        969.40","        969.10","        967.78","    6120787","          5923561832.00","     192442"
"INFY","EQ","12-Jan-2017","        969.10","        977.55","       1004.40","        977.55","       1001.50","       1000.05","        992.36","    5927870","          5882574393.90","     152968"
"INFY","EQ","13-Jan-2017","       1000.05","       1030.00","       1040.00","        962.70","        972.60","        975.80","        992.90","   15638123","         15527153070.30","     327113"
"INFY","EQ","16-Jan-2017","        975.80","        965.00","        965.45","        952.45","        957.45","        955.65","        959.11","    6175686","          5923132618.25","     139257"
"INFY","EQ","17-Jan-2017","        955.65","        956.25","        964.00","        952.40","        955.55","        955.40","        958.04","    2780047","          2663386306.15","      80315"
"INFY","EQ","18-Jan-2017","        955.40","        958.10","        961.00","        949.80","        950.90","        950.80","        955.60","    2976481","          2844323918.80","     109771"
"INFY","EQ","19-Jan-2017","        950.80","        951.00","        959.60","        948.10","        957.50","        958.10","        954.00","    4438240","          4234068517.95","     139441"
"INFY","EQ","20-Jan-2017","        958.10","        950.00","        953.15","        946.00","        946.15","        948.70","        949.00","    4562371","          4329702969.85","     106341"
"INFY","EQ","23-Jan-2017","        948.70","        945.00","        958.00","        940.00","        952.95","        952.70","        953.45","    3974290","          3789278959.75","     116065"
"INFY","EQ","24-Jan-2017","        952.70","        950.00","        950.00","        940.10","        946.05","        945.55","        944.02","    3413005","          3221953219.40","     101476"
"INFY","EQ","25-Jan-2017","        945.55","        946.10","        946.80","        934.80","        936.55","        936.60","        939.73","    4989045","          4688355348.75","     123432"
"INFY","EQ","27-Jan-2017","        936.60","        933.85","        947.55","        901.15","        942.65","        942.15","        939.20","    5317569","          4994263502.90","     119331"
"INFY","EQ","30-Jan-2017","        942.15","        937.50","        951.50","        928.85","        948.05","        949.35","        943.57","    5684604","          5363833727.95","     147702"
"INFY","EQ","31-Jan-2017","        949.35","        941.50","        941.50","        904.35","        929.40","        928.60","        925.07","   12034267","         11132572521.65","     275395"
"INFY","EQ","01-Feb-2017","        928.60","        921.10","        923.20","        905.15","        916.00","        916.75","        913.71","    5765891","          5268375697.20","     170177"
"INFY","EQ","02-Feb-2017","        916.75","        917.00","        945.00","        910.10","        934.70","        935.90","        931.77","    5914134","          5510613426.95","     123387"
"INFY","EQ","03-Feb-2017","        935.90","        933.80","        940.90","        921.05","        934.05","        936.10","        929.96","    4211979","          3916979843.35","     136814"
"INFY","EQ","06-Feb-2017","        936.10","        937.25","        943.75","        930.55","        934.00","        935.25","        935.91","    3363967","          3148362598.95","      90322"
"INFY","EQ","07-Feb-2017","        935.25","        933.00","        949.80","        928.55","        946.00","        942.25","        937.35","    4634001","          4343703630.05","      78781"
"INFY","EQ","08-Feb-2017","        942.25","        936.00","        944.10","        932.45","        934.00","        936.50","        936.48","    3159981","          2959255450.60","     104030"
"INFY","EQ","09-Feb-2017","        936.50","        937.00","        950.00","        936.55","        946.00","        946.00","        944.59","    5953633","          5623726243.80","     212836"
"INFY","EQ","10-Feb-2017","        946.00","        946.25","        972.00","        943.30","        967.00","        968.30","        959.62","    6126226","          5878867732.60","     147110"
"INFY","EQ","13-Feb-2017","        968.30","        972.85","        986.10","        962.85","        984.00","        984.35","        978.43","    6862134","          6714084290.75","     115322"
"INFY","EQ","14-Feb-2017","        984.35","        980.00","        989.00","        972.35","        987.75","        987.70","        982.86","    4669409","          4589393176.15","      93050"
"INFY","EQ","15-Feb-2017","        987.70","        989.20","        998.80","        968.80","        982.15","        981.80","        984.58","    3629743","          3573754984.15","      69110"
"INFY","EQ","16-Feb-2017","        981.80","        991.00","       1013.90","        990.05","       1012.00","       1012.10","       1004.57","    6407929","          6437217884.55","     114268"
"INFY","EQ","17-Feb-2017","       1012.10","       1013.75","       1013.75","        992.70","        999.00","       1000.10","       1000.09","    2425604","          2425826884.10","      67547"
"INFY","EQ","20-Feb-2017","       1000.10","        996.50","       1031.00","        993.50","       1030.00","       1010.25","       1002.49","    2325331","          2331129297.95","      57830"
"INFY","EQ","21-Feb-2017","       1010.25","       1022.10","       1024.50","       1000.05","       1011.00","       1013.60","       1014.45","    3806998","          3862010544.30","      86430"
"INFY","EQ","22-Feb-2017","       1013.60","       1015.00","       1015.00","        986.40","        991.00","        990.15","        994.38","    3303919","          3285353833.80","     121253"
"INFY","EQ","23-Feb-2017","        990.15","        998.90","       1020.00","        993.35","       1006.55","       1008.85","       1009.55","    4771328","          4816916302.50","     103839"
"INFY","EQ","27-Feb-2017","       1008.85","       1007.30","       1023.00","       1006.95","       1013.05","       1012.40","       1017.40","    2664348","          2710714926.60","      83469"
"INFY","EQ","28-Feb-2017","       1012.40","       1011.85","       1022.70","       1009.25","       1012.00","       1012.40","       1014.80","    2970066","          3014022677.60","      93851"
"INFY","EQ","01-Mar-2017","       1012.40","       1012.00","       1027.00","       1010.10","       1025.25","       1025.15","       1024.23","    2141224","          2193095872.70","     114684"
"INFY","EQ","02-Mar-2017","       1025.15","       1024.40","       1028.00","       1016.50","       1018.90","       1023.30","       1024.05","    1474249","          1509698902.80","      42399"
"INFY","EQ","03-Mar-2017","       1023.30","       1010.25","       1034.30","       1000.40","       1032.15","       1031.20","       1021.08","    2700806","          2757727850.75","      74416"
"INFY","EQ","06-Mar-2017","       1031.20","       1020.05","       1035.95","       1019.70","       1033.00","       1033.90","       1030.40","    2643193","          2723532992.55","      71674"
"INFY","EQ","07-Mar-2017","       1033.90","       1022.00","       1025.80","       1014.70","       1018.80","       1019.80","       1020.25","    2322248","          2369267970.35","      74091"
"INFY","EQ","08-Mar-2017","       1019.80","       1016.90","       1016.90","       1004.45","       1008.15","       1007.80","       1009.02","    3089588","          3117465750.05","      65695"
"INFY","EQ","09-Mar-2017","       1007.80","       1007.80","       1013.00","        999.00","       1011.20","       1011.55","       1007.88","    1740315","          1754027662.55","      80001"
"INFY","EQ","10-Mar-2017","       1011.55","       1015.00","       1027.65","       1013.40","       1021.50","       1021.85","       1021.75","    2275162","          2324657632.90","      66765"
"INFY","EQ","14-Mar-2017","       1021.85","       1022.80","       1041.90","       1022.80","       1035.30","       1034.80","       1034.12","    3939198","          4073612175.05","      93944"
"INFY","EQ","15-Mar-2017","       1034.80","       1034.90","       1034.90","       1007.50","       1011.20","       1011.95","       1013.81","    3186989","          3230988617.15","     135842"
"INFY","EQ","16-Mar-2017","       1011.95","       1013.30","       1031.70","       1013.30","       1029.00","       1028.85","       1024.89","    3351478","          3434894916.25","      91634"
"INFY","EQ","17-Mar-2017","       1028.85","       1035.40","       1042.90","       1019.25","       1039.00","       1040.30","       1034.03","    4753923","          4915686887.45","     132876"
"INFY","EQ","20-Mar-2017","       1040.30","       1026.55","       1026.55","       1015.10","       1020.30","       1021.50","       1020.31","    2213694","          2258652532.75","      85988"
"INFY","EQ","21-Mar-2017","       1021.50","       1020.90","       1034.95","       1018.80","       1028.80","       1032.85","       1029.00","    2434792","          2505412043.90","      61479"
"INFY","EQ","22-Mar-2017","       1032.85","       1022.45","       1039.95","       1020.40","       1027.50","       1027.70","       1028.79","    1995426","          2052872403.25","      69882"
"INFY","EQ","23-Mar-2017","       1027.70","       1028.25","       1043.00","       1026.60","       1040.25","       1040.45","       1038.53","    2250831","          2337555355.35","      70900"
"INFY","EQ","24-Mar-2017","       1040.45","       1038.00","       1044.00","       1027.70","       1028.10","       1031.40","       1033.26","    2441948","          2523166659.15","      75313"
"INFY","EQ","27-Mar-2017","       1031.40","       1027.20","       1041.85","       1024.50","       1035.00","       1028.85","       1032.85","    3842412","          3968617435.60","     118204"
"INFY","EQ","28-Mar-2017","       1028.85","       1031.50","       1039.00","       1030.05","       1038.95","       1035.15","       1035.21","    2398398","          2482850262.30","      69503"
"INFY","EQ","29-Mar-2017","       1035.15","       1034.30","       1041.50","       1025.85","       1033.80","       1031.85","       1032.47","    3490593","          3603938736.50","      60565"
"INFY","EQ","30-Mar-2017","       1031.85","       1034.00","       1035.90","       1020.25","       1023.00","       1025.50","       1026.08","    6078590","          6237092367.85","      94441"
"INFY","EQ","31-Mar-2017","       1025.50","       1023.25","       1029.30","       1008.00","       1022.50","       1022.25","       1019.49","    7076927","          7214831802.60","      96201"
"INFY","EQ","03-Apr-2017","       1022.25","       1032.15","       1032.45","       1006.10","       1010.30","       1008.80","       1010.88","    2157800","          2181287096.15","      66898"
"INFY","EQ","05-Apr-2017","       1008.80","       1005.00","       1005.40","        991.00","        995.20","        995.95","        997.87","    3699169","          3691274935.05","     155256"
"INFY","EQ","06-Apr-2017","        995.95","        998.15","       1005.80","        992.00","        997.45","        999.60","       1000.46","    2689504","          2690729251.35","      80666"
"INFY","EQ","07-Apr-2017","        999.60","       1000.90","       1000.90","        979.00","        982.60","        981.55","        985.56","    3202254","          3156004780.25","      97036"
"INFY","EQ","10-Apr-2017","        981.55","        984.90","        989.50","        950.10","        951.05","        953.40","        965.01","    4764236","          4597514331.75","      94190"
"INFY","EQ","11-Apr-2017","        953.40","        956.05","        971.70","        956.05","        968.00","        967.15","        966.20","    4327733","          4181469032.60","     104526"
"INFY","EQ","12-Apr-2017","        967.15","        970.00","        976.90","        960.35","        967.85","        968.85","        969.16","    3348376","          3245103250.60","      86217"
"INFY","EQ","13-Apr-2017","        968.85","        970.00","        990.00","        926.65","        932.90","        931.40","        942.95","   15486594","         14603160521.40","     368460"
"INFY","EQ","17-Apr-2017","        931.40","        930.00","        932.10","        923.50","        924.75","        924.90","        926.27","    3606717","          3340781676.50","     110168"
"INFY","EQ","18-Apr-2017","        924.90","        924.75","        934.00","        919.10","        923.05","        922.65","        925.65","    2323759","          2150985535.30","      77903"
"INFY","EQ","19-Apr-2017","        922.65","        923.00","        930.00","        912.65","        919.40","        919.20","        917.13","    5035851","          4618541691.85","     123370"
"INFY","EQ","20-Apr-2017","        919.20","        921.50","        929.70","        918.55","        928.15","        927.30","        924.50","    2274500","          2102780031.30","     104880"
"INFY","EQ","21-Apr-2017","        927.30","        934.80","        934.80","        921.10","        922.50","        923.70","        925.43","    1788733","          1655346158.65","      62461"
"INFY","EQ","24-Apr-2017","        923.70","        917.50","        928.50","        913.00","        927.00","        926.55","        919.84","    2778333","          2555623446.70","      78246"
"INFY","EQ","25-Apr-2017","        926.55","        925.90","        933.00","        920.55","        929.60","        929.35","        929.27","    2368530","          2200992056.65","     104070"
"INFY","EQ","26-Apr-2017","        929.35","        929.95","        935.55","        910.20","        914.15","        914.25","        916.98","    4542248","          4165168441.55","     125006"
"INFY","EQ","27-Apr-2017","        914.25","        916.00","        929.00","        916.00","        927.20","        925.25","        923.80","    3898604","          3601521628.85","     113696"
"INFY","EQ","28-Apr-2017","        925.25","        926.85","        927.40","        915.60","        921.00","        918.95","        919.78","    2514851","          2313115919.00","      79880"
"INFY","EQ","02-May-2017","        918.95","        924.00","        926.40","        915.10","        923.15","        922.60","        921.65","    1615563","          1488984259.95","      85885"
"INFY","EQ","03-May-2017","        922.60","        926.50","        939.10","        917.65","        934.00","        934.30","        932.19","    2329724","          2171737624.55","      74214"
"INFY","EQ","04-May-2017","        934.30","        937.00","        939.65","        928.90","        936.00","        937.65","        935.94","    2639903","          2470785900.95","     104986"
"INFY","EQ","05-May-2017","        937.65","        936.00","        937.35","        920.00","        930.00","        931.50","        927.04","    2216394","          2054687486.05","     108343"
"INFY","EQ","08-May-2017","        931.50","        938.00","        948.55","        932.00","        943.10","        945.50","        940.67","    2353549","          2213917286.45","      99288"
"INFY","EQ","09-May-2017","        945.50","        950.60","        951.95","        942.10","        946.95","        946.65","        947.01","    2824686","          2675013934.05","      97850"
"INFY","EQ","10-May-2017","        946.65","        947.15","        950.00","        937.15","        945.30","        943.65","        943.23","    1682151","          1586652709.50","      54391"
"INFY","EQ","11-May-2017","        943.65","        946.85","        949.85","        937.55","        944.05","        944.10","        945.45","    1614741","          1526662166.70","      67623"
"INFY","EQ","12-May-2017","        944.10","        953.00","        966.00","        951.45","        965.45","        964.25","        959.75","    5489998","          5269035238.25","     111297"
"INFY","EQ","15-May-2017","        964.25","        963.50","        963.50","        949.10","        953.25","        951.55","        951.49","    3648582","          3471579744.80","      75335"
"INFY","EQ","16-May-2017","        951.55","        953.10","        960.15","        946.95","        956.00","        955.00","        952.92","    3065084","          2920775219.40","      71808"
"INFY","EQ","17-May-2017","        955.00","        951.60","        958.45","        943.85","        952.90","        952.80","        949.48","    1457754","          1384109511.85","      75429"
"INFY","EQ","18-May-2017","        952.80","        943.00","        973.90","        942.85","        960.25","        961.75","        962.61","    4028924","          3878281748.15","     120990"
"INFY","EQ","19-May-2017","        961.75","        961.50","        962.70","        947.85","        957.40","        957.95","        954.18","    2128698","          2031155370.25","      88897"
"INFY","EQ","22-May-2017","        957.95","        958.40","        966.90","        956.55","        960.00","        961.45","        962.29","    2751526","          2647754819.65","      99616"
"INFY","EQ","23-May-2017","        961.45","        964.65","        967.00","        954.10","        957.50","        957.30","        960.16","    2019991","          1939514664.80","      80122"
"INFY","EQ","24-May-2017","        957.30","        960.00","        965.50","        949.60","        957.00","        954.80","        958.37","    2818143","          2700826857.50","      56898"
"INFY","EQ","25-May-2017","        954.80","        961.00","        986.60","        961.00","        981.00","        983.30","        978.16","    5219257","          5105249719.45","      76160"
"INFY","EQ","26-May-2017","        983.30","        987.00","       1000.00","        980.60","        996.05","        995.70","        994.06","    2494002","          2479193881.90","      63671"
"INFY","EQ","29-May-2017","        995.70","        990.90","        996.70","        975.70","        986.00","        985.15","        983.11","    3154217","          3100929032.20","      83084"
"INFY","EQ","30-May-2017","        985.15","        982.00","       1000.00","        978.65","        993.00","        996.20","        995.45","    1858455","          1850003637.75","      62012"
"INFY","EQ","31-May-2017","        996.20","        993.55","        993.55","        974.85","        976.05","        977.05","        980.19","    3881950","          3805051202.80","     121323"
"INFY","EQ","01-Jun-2017","        977.05","        969.30","        979.70","        958.55","        971.25","        971.40","        969.49","    2754303","          2670262585.15","      81421"
"INFY","EQ","02-Jun-2017","        971.40","        973.40","        975.45","        964.20","        966.00","        969.45","        968.76","    1958983","          1897792688.95","      48927"
"INFY","EQ","05-Jun-2017","        969.45","        970.00","        972.00","        957.05","        959.00","        958.75","        961.71","    2731349","          2626761462.75","      83794"
"INFY","EQ","06-Jun-2017","        958.75","        965.00","        987.50","        964.40","        980.00","        979.35","        980.08","    3504343","          3434525873.65","      83178"
"INFY","EQ","07-Jun-2017","        979.35","        985.00","        988.90","        945.00","        959.30","        961.30","        963.75","    6227523","          6001805446.20","     139990"
"INFY","EQ","08-Jun-2017","        961.30","        962.95","        962.95","        948.15","        956.05","        956.45","        952.81","    3097676","          2951501576.75","      88147"
"INFY","EQ","09-Jun-2017","        956.45","        938.55","        950.95","        923.00","        949.00","        948.60","        937.55","    7378831","          6918028230.35","     161124"
"INFY","EQ","12-Jun-2017","        948.60","        943.35","        965.20","        940.10","        964.40","        963.85","        953.95","    4295838","          4097996731.10","      89686"
"INFY","EQ","13-Jun-2017","        963.85","        953.50","        962.95","        951.60","        957.95","        957.80","        958.26","    2468897","          2365833763.70","      69355"
"INFY","EQ","14-Jun-2017","        957.80","        960.00","        961.90","        951.20","        958.50","        958.60","        957.02","    3719055","          3559194776.55","      90312"
"INFY","EQ","15-Jun-2017","        958.60","        959.65","        967.95","        949.60","        951.35","        952.10","        956.12","    2764031","          2642752622.05","      67490"
"INFY","EQ","16-Jun-2017","        952.10","        949.10","        953.85","        936.00","        937.00","        940.25","        942.47","    5474225","          5159269025.25","     109487"
"INFY","EQ","19-Jun-2017","        940.25","        939.95","        940.25","        928.00","        930.80","        929.85","        931.98","    3427930","          3194759665.40","      82075"
"INFY","EQ","20-Jun-2017","        929.85","        935.00","        946.90","        934.05","        944.25","        943.55","        943.01","    2592198","          2444471885.25","     105790"
"INFY","EQ","21-Jun-2017","        943.55","        945.00","        949.00","        936.05","        948.55","        943.35","        941.04","    1867932","          1757791620.60","      59945"
"INFY","EQ","22-Jun-2017","        943.35","        947.70","        968.70","        935.10","        939.00","        940.15","        953.78","    4732621","          4513895877.95","     115123"
"INFY","EQ","23-Jun-2017","        940.15","        945.00","        949.15","        938.00","        943.05","        943.25","        943.77","    3201509","          3021488880.30","     118944"
"INFY","EQ","27-Jun-2017","        943.25","        945.00","        948.00","        923.75","        926.00","        927.05","        929.06","    3452330","          3207420226.50","     113272"
"INFY","EQ","28-Jun-2017","        927.05","        932.80","        933.00","        921.00","        924.00","        924.70","        925.73","    2952612","          2733310088.65","      98295"
"INFY","EQ","29-Jun-2017","        924.70","        930.20","        947.95","        926.60","        929.00","        930.20","        935.13","    7957020","          7440838109.90","     103952"
"INFY","EQ","30-Jun-2017","        930.20","        930.80","        938.00","        929.00","        934.40","        935.55","        934.42","    2108350","          1970090052.20","      64325"
"INFY","EQ","03-Jul-2017","        935.55","        941.10","        955.00","        934.60","        953.60","        951.90","        945.66","    2544462","          2406192366.05","      62128"
"INFY","EQ","04-Jul-2017","        951.90","        953.85","        970.00","        949.40","        961.00","        962.15","        962.03","    2583863","          2485762341.40","      54690"
"INFY","EQ","05-Jul-2017","        962.15","        959.00","        959.00","        945.40","        952.00","        950.90","        950.46","    2113114","          2008422006.70","      58308"
"INFY","EQ","06-Jul-2017","        950.90","        945.00","        957.00","        944.20","        946.80","        947.00","        950.12","    1914860","          1819345350.90","      56849"
"INFY","EQ","07-Jul-2017","        947.00","        943.85","        945.45","        933.05","        935.10","        935.40","        938.78","    2888443","          2711621745.50","      98641"
"INFY","EQ","10-Jul-2017","        935.40","        945.00","       1028.90","        937.30","        953.30","        957.05","        953.49","     847546","           808125207.50","      17862"
"INFY","EQ","11-Jul-2017","        957.05","        956.65","        989.50","        956.65","        978.60","        975.35","        978.98","    5769854","          5648578195.35","     113632"
"INFY","EQ","12-Jul-2017","        975.35","        974.95","        981.50","        968.75","        973.00","        972.35","        974.41","    3137988","          3057672503.55","      77201"
"INFY","EQ","13-Jul-2017","        972.35","        977.25","        983.45","        964.10","        980.00","        977.05","        977.00","    2585196","          2525724825.00","      74502"
"INFY","EQ","14-Jul-2017","        977.05","        999.45","       1006.85","        966.05","        970.00","        972.05","        985.55","   11239090","         11076697425.95","     246571"
"INFY","EQ","17-Jul-2017","        972.05","        975.00","        992.00","        974.00","        985.55","        984.05","        984.54","    3849125","          3789602386.00","      85783"
"INFY","EQ","18-Jul-2017","        984.05","        986.05","       1004.80","        981.10","        983.65","        985.60","        995.69","    4130090","          4112296075.35","      93509"
"INFY","EQ","19-Jul-2017","        985.60","        981.45","        988.65","        969.10","        979.60","        979.85","        976.12","    2945139","          2874801639.95","     105595"
"INFY","EQ","20-Jul-2017","        979.85","        979.30","        979.85","        966.95","        969.00","        969.45","        970.69","    3404870","          3305085666.30","     101526"
"INFY","EQ","21-Jul-2017","        969.45","        973.00","        982.55","        971.40","        979.90","        980.10","        978.45","    2990377","          2925921839.85","      68179"
"INFY","EQ","24-Jul-2017","        980.10","        983.50","        994.00","        982.60","        990.50","        990.55","        989.58","    3064588","          3032646958.40","     110820"
"INFY","EQ","25-Jul-2017","        990.55","        990.00","        999.00","        986.20","        994.00","        993.85","        992.82","    3572807","          3547155443.75","     104586"
"INFY","EQ","26-Jul-2017","        993.85","        998.10","        999.00","        990.40","        994.00","        994.05","        993.84","    3435012","          3413852845.20","     104013"
"INFY","EQ","27-Jul-2017","        994.05","        996.00","       1004.00","        966.80","        969.85","        971.05","        981.64","    6338426","          6222055606.70","     100543"
"INFY","EQ","28-Jul-2017","        971.05","        976.00","       1003.00","        962.30","        995.70","        997.35","        987.20","    5549214","          5478201640.40","      92083"
"INFY","EQ","31-Jul-2017","        997.35","        991.90","       1021.70","        986.75","       1015.00","       1011.20","       1007.77","    9579124","          9653593591.35","     194493"
"INFY","EQ","01-Aug-2017","       1011.20","       1011.00","       1017.00","        998.35","       1004.50","       1005.55","       1005.38","    3844699","          3865373992.85","      74672"
"INFY","EQ","02-Aug-2017","       1005.55","       1006.00","       1012.75","        987.20","        989.10","        993.35","        999.06","    2128792","          2126780544.95","      64338"
"INFY","EQ","03-Aug-2017","        993.35","        991.00","        998.75","        980.25","        981.80","        984.00","        988.23","    2320174","          2292869696.85","      64881"
"INFY","EQ","04-Aug-2017","        984.00","        988.00","        989.00","        976.05","        983.50","        983.75","        981.53","    2674509","          2625108704.90","      54851"
"INFY","EQ","07-Aug-2017","        983.75","        983.50","        983.75","        965.70","        966.50","        968.25","        972.33","    3036872","          2952834608.05","      75997"
"INFY","EQ","08-Aug-2017","        968.25","        968.50","        970.25","        955.05","        963.50","        963.85","        963.45","    3002324","          2892578680.85","      83371"
"INFY","EQ","09-Aug-2017","        963.85","        967.65","        973.90","        964.55","        970.70","        969.35","        969.56","    1961205","          1901504150.20","      74542"
"INFY","EQ","10-Aug-2017","        969.35","        969.90","        987.50","        969.35","        984.95","        981.25","        982.00","    4570342","          4488072666.75","     118468"
"INFY","EQ","11-Aug-2017","        981.25","        976.00","        997.00","        969.60","        986.50","        987.70","        986.81","    3272078","          3228922463.05","      85957"
"INFY","EQ","14-Aug-2017","        987.70","        988.00","        989.20","        977.15","        982.00","        981.45","        981.62","    1908235","          1873162935.80","      83142"
"INFY","EQ","16-Aug-2017","        981.45","        982.00","        986.10","        969.00","        979.35","        975.20","        975.79","    3089040","          3014254126.05","      73688"
"INFY","EQ","17-Aug-2017","        975.20","       1005.00","       1029.25","        998.05","       1021.05","       1020.85","       1012.61","   12892130","         13054759560.60","     219380"
"INFY","EQ","18-Aug-2017","       1020.85","       1017.90","       1017.90","        884.20","        923.15","        923.25","        932.15","   82202480","         76625024333.45","    1192900"
"INFY","EQ","21-Aug-2017","        923.25","        924.00","        924.00","        870.00","        870.15","        873.40","        888.68","   45203588","         40171479151.00","     844350"
"INFY","EQ","22-Aug-2017","        873.40","        895.20","        897.05","        860.00","        876.00","        875.40","        876.30","   24621299","         21575553323.60","     436450"
"INFY","EQ","23-Aug-2017","        875.40","        880.00","        903.70","        873.90","        893.40","        892.80","        890.37","   30642095","         27282913878.80","     431562"
"INFY","EQ","24-Aug-2017","        892.80","        910.00","        918.25","        902.35","        911.50","        912.15","        910.72","   21190262","         19298432842.10","     379260"
"INFY","EQ","28-Aug-2017","        912.15","        943.95","        953.95","        938.00","        940.30","        941.00","        944.82","   20356054","         19232850863.35","     339901"
"INFY","EQ","29-Aug-2017","        941.00","        941.45","        942.00","        925.55","        926.75","        927.45","        933.49","    6684696","          6240109664.25","     148591"
"INFY","EQ","30-Aug-2017","        927.45","        937.20","        939.00","        924.10","        926.70","        926.65","        930.56","    8074832","          7514125821.50","     147639"
"INFY","EQ","31-Aug-2017","        926.65","        928.80","        928.95","        912.90","        915.00","        914.95","        916.78","    7511226","          6886139481.45","     174045"
"INFY","EQ","01-Sep-2017","        914.95","        915.95","        925.90","        910.00","        919.85","        919.95","        919.57","    4216961","          3877809875.80","      81607"
"INFY","EQ","04-Sep-2017","        919.95","        921.00","        921.10","        893.50","        899.95","        900.20","        904.13","    5088554","          4600718442.35","     141455"
"INFY","EQ","05-Sep-2017","        900.20","        902.00","        905.00","        897.25","        901.00","        901.90","        901.02","    4891696","          4407506232.10","      79400"
"INFY","EQ","06-Sep-2017","        901.90","        900.00","        900.30","        890.00","        896.90","        895.60","        894.39","    3867955","          3459475483.10","     126593"
"INFY","EQ","07-Sep-2017","        895.60","        900.00","        900.50","        892.35","        894.65","        895.75","        896.04","    3120596","          2796180947.75","      74906"
"INFY","EQ","08-Sep-2017","        895.75","        899.00","        899.00","        882.10","        884.00","        884.30","        888.07","    4302271","          3820696331.75","      78811"
"INFY","EQ","11-Sep-2017","        884.30","        890.40","        891.80","        873.65","        879.95","        878.70","        880.91","    6893821","          6072846748.00","     145836"
"INFY","EQ","12-Sep-2017","        878.70","        882.55","        887.75","        878.80","        883.25","        884.05","        881.98","    8620677","          7603270019.70","      94378"
"INFY","EQ","13-Sep-2017","        884.05","        885.50","        887.60","        881.00","        884.50","        883.75","        883.75","    5739114","          5071927187.70","     136009"
"INFY","EQ","14-Sep-2017","        883.75","        884.50","        896.60","        881.60","        892.30","        892.40","        891.42","    6849003","          6105328296.85","     110957"
"INFY","EQ","15-Sep-2017","        892.40","        892.30","        913.25","        892.20","        908.60","        908.25","        904.85","    6729730","          6089408744.25","      99888"
"INFY","EQ","18-Sep-2017","        908.25","        910.00","        917.75","        906.30","        908.80","        909.10","        912.83","    4237930","          3868513182.30","      77992"
"INFY","EQ","19-Sep-2017","        909.10","        908.00","        916.00","        903.50","        912.70","        912.25","        911.15","    3016665","          2748642130.20","      79618"
"INFY","EQ","20-Sep-2017","        912.25","        917.00","        917.00","        907.45","        913.30","        912.70","        910.97","    2883915","          2627153267.80","      46614"
"INFY","EQ","21-Sep-2017","        912.70","        915.00","        915.25","        908.15","        911.00","        909.55","        910.99","    4102076","          3736951962.80","      42387"
"INFY","EQ","22-Sep-2017","        909.55","        908.15","        910.25","        888.00","        899.00","        898.30","        897.32","    8802044","          7898273388.25","     101141"
"INFY","EQ","25-Sep-2017","        898.30","        901.00","        901.95","        889.10","        901.00","        895.35","        894.32","    4544350","          4064084916.00","      83796"
"INFY","EQ","26-Sep-2017","        895.35","        897.00","        908.40","        894.30","        901.75","        905.90","        900.14","    3683239","          3315416202.50","     101232"
"INFY","EQ","27-Sep-2017","        905.90","        906.10","        907.90","        895.10","        895.90","        899.80","        900.49","    3000069","          2701542236.40","      88378"
"INFY","EQ","28-Sep-2017","        899.80","        896.10","        903.90","        894.30","        896.00","        896.00","        897.71","    8768633","          7871666208.05","     135425"
"INFY","EQ","29-Sep-2017","        896.00","        898.00","        902.40","        895.00","        899.00","        899.90","        899.31","    2852916","          2565651056.60","      79579"
"INFY","EQ","03-Oct-2017","        899.90","        910.10","        912.00","        901.60","        903.05","        903.55","        905.66","    2473761","          2240392336.30","      98569"
"INFY","EQ","04-Oct-2017","        903.55","        903.00","        905.40","        897.15","        901.45","        899.60","        901.13","    2495746","          2248997167.45","      81198"
"INFY","EQ","05-Oct-2017","        899.60","        900.00","        904.95","        899.00","        903.00","        903.05","        902.78","    4305650","          3887063882.60","      46048"
"INFY","EQ","06-Oct-2017","        903.05","        904.00","        922.00","        903.95","        920.50","        920.15","        916.53","    4287154","          3929315140.25","      76214"
"INFY","EQ","09-Oct-2017","        920.15","        920.00","        929.00","        914.00","        924.25","        923.90","        923.72","    1752416","          1618746284.65","      39646"
"INFY","EQ","10-Oct-2017","        923.90","        939.95","        939.95","        929.55","        935.15","        935.45","        935.46","    3571610","          3341105876.30","     103093"
"INFY","EQ","11-Oct-2017","        935.45","        935.45","        938.00","        928.00","        930.60","        930.70","        932.27","    2991252","          2788647777.55","      95474"
"INFY","EQ","12-Oct-2017","        930.70","        930.00","        934.35","        919.55","        928.35","        927.30","        924.62","    5140486","          4753015819.85","     108653"
"INFY","EQ","13-Oct-2017","        927.30","        932.80","        933.50","        927.55","        929.05","        930.10","        929.70","    3590364","          3337968430.45","     104364"
"INFY","EQ","16-Oct-2017","        930.10","        935.95","        942.00","        933.00","        939.00","        939.00","        937.81","    2879375","          2700304305.65","      78589"
"INFY","EQ","17-Oct-2017","        939.00","        936.80","        936.80","        929.50","        930.75","        930.50","        932.11","    2812551","          2621611619.35","      77515"
"INFY","EQ","18-Oct-2017","        930.50","        928.90","        930.00","        922.95","        925.00","        924.35","        926.70","    3615926","          3350868643.10","      78889"
"INFY","EQ","19-Oct-2017","        924.35","        930.00","        932.00","        925.20","        927.75","        926.95","        927.39","     545717","           506094102.55","      13886"
"INFY","EQ","23-Oct-2017","        926.95","        930.00","        942.00","        928.10","        940.95","        939.50","        936.18","    4577048","          4284920339.60","     105211"
"INFY","EQ","24-Oct-2017","        939.50","        946.00","        946.65","        921.60","        924.35","        926.50","        933.61","    7264664","          6782341418.05","     117978"
"INFY","EQ","25-Oct-2017","        926.50","        919.00","        944.70","        915.25","        934.25","        935.30","        934.05","    6992067","          6530973259.65","     176833"
"INFY","EQ","26-Oct-2017","        935.30","        942.00","        951.80","        940.10","        948.55","        947.35","        946.46","   16829629","         15928597285.60","     144857"
"INFY","EQ","27-Oct-2017","        947.35","        955.00","        957.70","        944.00","        947.00","        946.35","        948.86","    4262478","          4044495152.20","     108092"
"INFY","EQ","30-Oct-2017","        946.35","        954.65","        954.65","        941.05","        943.90","        944.10","        946.96","    6484163","          6140238516.45","     120848"
"INFY","EQ","31-Oct-2017","        944.10","        925.00","        930.00","        920.00","        922.00","        921.85","        924.74","    4977494","          4602897345.35","      68301"
"INFY","EQ","01-Nov-2017","        921.85","        925.00","        929.40","        923.30","        926.00","        927.05","        925.92","    2816567","          2607904113.05","      59211"
"INFY","EQ","02-Nov-2017","        927.05","        923.05","        926.00","        920.00","        923.10","        922.90","        923.13","    2343069","          2162955678.45","      81286"
"INFY","EQ","03-Nov-2017","        922.90","        917.00","        929.90","        916.95","        926.80","        926.65","        926.37","    1849543","          1713353952.70","      51904"
"INFY","EQ","06-Nov-2017","        926.65","        923.15","        935.00","        922.65","        928.80","        928.70","        927.57","    2533267","          2349782381.05","      69707"
"INFY","EQ","07-Nov-2017","        928.70","        926.25","        960.00","        925.85","        955.35","        955.50","        951.18","    6721410","          6393285438.65","     145532"
"INFY","EQ","08-Nov-2017","        955.50","        960.25","        961.85","        947.50","        951.95","        952.30","        955.20","    2684997","          2564719195.45","      88636"
"INFY","EQ","09-Nov-2017","        952.30","        953.00","        963.00","        948.25","        954.00","        954.50","        954.92","    2361616","          2255155223.50","      67747"
"INFY","EQ","10-Nov-2017","        954.50","        958.80","        964.35","        950.00","        963.50","        962.05","        959.46","    3294714","          3161144505.05","      63848"
"INFY","EQ","13-Nov-2017","        962.05","        962.05","        969.40","        949.35","        952.55","        951.95","        958.24","    2510608","          2405762223.40","      58964"
"INFY","EQ","14-Nov-2017","        951.95","        951.95","        954.85","        943.25","        949.10","        949.10","        948.44","    2866855","          2719052888.00","      74967"
"INFY","EQ","15-Nov-2017","        949.10","        945.15","        953.50","        944.50","        950.75","        951.80","        950.67","    3511758","          3338522493.90","      98311"
"INFY","EQ","16-Nov-2017","        951.80","        951.80","        995.90","        948.50","        989.95","        988.40","        978.58","    7843751","          7675734064.95","     224690"
"INFY","EQ","17-Nov-2017","        988.40","        985.50","        985.50","        965.15","        965.50","        970.95","        974.04","    4028835","          3924263396.45","     178425"
"INFY","EQ","20-Nov-2017","        970.95","        969.00","        971.00","        957.25","        960.95","        960.55","        961.63","    2830595","          2721971565.80","      66198"
"INFY","EQ","21-Nov-2017","        960.55","        961.30","        971.50","        960.05","        965.50","        966.25","        966.87","    2682328","          2593469144.45","      74479"
"INFY","EQ","22-Nov-2017","        966.25","        966.60","        971.05","        963.30","        965.30","        966.30","        966.54","    3042460","          2940669552.80","      57418"
"INFY","EQ","23-Nov-2017","        966.30","        971.50","        994.45","        969.00","        991.15","        991.25","        984.70","    5947309","          5856291707.60","     141525"
"INFY","EQ","24-Nov-2017","        991.25","        990.90","       1019.30","        990.20","       1008.00","       1009.55","       1010.09","    9309956","          9403912991.65","     180427"
"INFY","EQ","27-Nov-2017","       1009.55","       1006.70","       1006.70","        993.30","        996.55","        998.75","        997.92","    3008865","          3002607597.65","      75428"
"INFY","EQ","28-Nov-2017","        998.75","        994.40","        999.90","        981.30","        982.15","        984.70","        988.73","    2308434","          2282406445.85","      61722"
"INFY","EQ","29-Nov-2017","        984.70","        987.65","        991.95","        980.30","        983.50","        982.70","        984.37","    1919035","          1889032575.75","      50324"
"INFY","EQ","30-Nov-2017","        982.70","        989.45","        989.45","        968.35","        972.50","        976.10","        978.17","    8633472","          8445010644.15","     126288"
"INFY","EQ","01-Dec-2017","        976.10","        979.40","        983.20","        957.05","        960.00","        958.80","        966.26","    2042500","          1973590610.45","      49881"
"INFY","EQ","04-Dec-2017","        958.80","        980.00","        996.80","        968.55","        984.40","        985.35","        985.73","    8905803","          8778677870.85","     150296"
"INFY","EQ","05-Dec-2017","        985.35","        985.35","       1003.00","        979.00","        984.30","        984.35","        990.92","    4988369","          4943095295.60","     106371"
"INFY","EQ","06-Dec-2017","        984.35","        985.00","        994.10","        984.00","        987.80","        990.30","        989.37","    3745047","          3705251090.15","     121883"
"INFY","EQ","07-Dec-2017","        990.30","        989.00","       1002.90","        985.60","        999.85","        999.80","        995.95","    3774772","          3759492031.70","     106502"
"INFY","EQ","08-Dec-2017","        999.80","       1001.00","       1007.00","        995.00","        999.40","       1001.85","       1002.25","    2991622","          2998343941.10","     109714"
"INFY","EQ","11-Dec-2017","       1001.85","        994.95","       1006.90","        993.95","       1005.40","       1005.30","       1000.75","    2569549","          2571485667.20","      64951"
"INFY","EQ","12-Dec-2017","       1005.30","       1002.00","       1014.00","       1002.00","       1010.50","       1010.50","       1009.41","    4660217","          4704066529.00","     125676"
"INFY","EQ","13-Dec-2017","       1010.50","       1010.90","       1019.00","        997.65","       1005.00","       1003.75","       1010.55","    2681199","          2709482013.30","      89418"
"INFY","EQ","14-Dec-2017","       1003.75","       1005.25","       1015.00","        999.30","       1012.30","       1013.10","       1010.36","    3011786","          3042976537.00","      97393"
"INFY","EQ","15-Dec-2017","       1013.10","       1013.00","       1026.40","       1011.85","       1019.00","       1022.90","       1019.21","    5192067","          5291809164.55","     117970"
"INFY","EQ","18-Dec-2017","       1022.90","       1011.90","       1030.70","       1005.80","       1014.00","       1016.60","       1019.42","    2017724","          2056905714.55","      67395"
"INFY","EQ","19-Dec-2017","       1016.60","       1017.45","       1017.95","        999.55","       1006.65","       1003.95","       1007.23","    3559449","          3585173633.40","      87491"
"INFY","EQ","20-Dec-2017","       1003.95","       1005.10","       1018.60","       1001.00","       1016.35","       1015.85","       1011.09","    2093163","          2116374406.90","      68366"
"INFY","EQ","21-Dec-2017","       1015.85","       1014.80","       1028.95","        998.40","       1021.50","       1022.05","       1014.97","    5529581","          5612359298.45","     132258"
"INFY","EQ","22-Dec-2017","       1022.05","       1016.00","       1044.80","       1016.00","       1037.85","       1039.35","       1035.23","    6453470","          6680838537.95","     148038"
"INFY","EQ","26-Dec-2017","       1039.35","       1030.00","       1041.50","       1023.00","       1035.00","       1035.60","       1034.88","    5404453","          5592980614.45","     137301"
"INFY","EQ","27-Dec-2017","       1035.60","       1028.00","       1039.10","       1027.40","       1034.00","       1034.25","       1034.00","    3485086","          3603591314.75","     101607"
"INFY","EQ","28-Dec-2017","       1034.25","       1030.00","       1040.00","       1023.80","       1030.00","       1033.25","       1034.41","    4216736","          4361825789.15","     107124"
"INFY","EQ","29-Dec-2017","       1033.25","       1030.10","       1048.80","       1030.00","       1041.25","       1042.05","       1041.38","    3300884","          3437461626.40","      83693"
"INFY","EQ","01-Jan-2018","       1042.05","       1037.70","       1044.50","       1030.00","       1032.15","       1033.55","       1036.23","    2715670","          2814045584.35","      65839"
"INFY","EQ","02-Jan-2018","       1033.55","       1037.25","       1042.00","       1023.00","       1028.30","       1029.70","       1031.43","    3056124","          3152175058.55","     122157"
"INFY","EQ","03-Jan-2018","       1029.70","       1028.50","       1031.60","       1018.60","       1022.00","       1021.30","       1022.55","    3423276","          3500475318.80","     132588"
"INFY","EQ","04-Jan-2018","       1021.30","       1021.00","       1021.00","       1009.60","       1015.00","       1015.40","       1014.48","    4473807","          4538566058.10","      81236"
"INFY","EQ","05-Jan-2018","       1015.40","       1015.30","       1026.40","       1006.00","       1014.25","       1012.00","       1012.92","    5512988","          5584193773.75","     134727"
"INFY","EQ","08-Jan-2018","       1012.00","       1024.90","       1039.00","       1020.05","       1035.20","       1036.05","       1029.31","    2797345","          2879337346.20","      73704"
"INFY","EQ","09-Jan-2018","       1036.05","       1040.00","       1044.90","       1028.90","       1039.00","       1041.35","       1036.46","    4974118","          5155470378.90","     119611"
"INFY","EQ","10-Jan-2018","       1041.35","       1046.80","       1056.00","       1033.05","       1053.00","       1052.25","       1043.96","    4734317","          4942421495.65","     100562"
"INFY","EQ","11-Jan-2018","       1052.25","       1055.25","       1083.40","       1055.25","       1076.50","       1075.80","       1069.86","    8387735","          8973696876.15","     134085"
"INFY","EQ","12-Jan-2018","       1075.80","       1085.80","       1085.90","       1070.55","       1078.65","       1078.45","       1077.02","    9008264","          9702068540.55","     138377"
"INFY","EQ","15-Jan-2018","       1078.45","       1080.00","       1092.95","       1065.10","       1081.00","       1081.15","       1080.89","    5324625","          5755343848.60","     132189"
"INFY","EQ","16-Jan-2018","       1081.15","       1081.25","       1134.80","       1081.25","       1125.00","       1122.85","       1116.71","   11323483","         12645064683.75","     222629"
"INFY","EQ","17-Jan-2018","       1122.85","       1124.85","       1161.80","       1123.00","       1148.00","       1152.10","       1150.95","   13077044","         15051075122.95","     331838"
"INFY","EQ","18-Jan-2018","       1152.10","       1145.00","       1164.90","       1132.10","       1152.00","       1152.70","       1148.19","    6602485","          7580886446.15","     148758"
"INFY","EQ","19-Jan-2018","       1152.70","       1145.00","       1147.90","       1136.00","       1145.90","       1143.45","       1142.09","    2994139","          3419578449.60","     104184"
"INFY","EQ","22-Jan-2018","       1143.45","       1132.15","       1156.95","       1132.00","       1148.10","       1150.00","       1144.31","    4825107","          5521427259.10","     136884"
"INFY","EQ","23-Jan-2018","       1150.00","       1155.00","       1188.00","       1155.00","       1176.00","       1177.10","       1176.85","    7701898","          9063945901.15","     178542"
"INFY","EQ","24-Jan-2018","       1177.10","       1174.80","       1221.05","       1167.50","       1182.85","       1185.80","       1195.52","   10302359","         12316700909.55","     204464"
"INFY","EQ","25-Jan-2018","       1185.80","       1182.00","       1183.40","       1162.25","       1173.70","       1175.40","       1171.54","    6774457","          7936550004.00","     137327"
"INFY","EQ","29-Jan-2018","       1175.40","       1166.55","       1196.25","       1165.20","       1180.55","       1182.90","       1185.12","    5411501","          6413293459.50","     188700"
"INFY","EQ","30-Jan-2018","       1182.90","       1178.90","       1183.10","       1162.70","       1168.00","       1170.65","       1169.32","    4314156","          5044647006.50","     139977"
"INFY","EQ","31-Jan-2018","       1170.65","       1159.15","       1166.60","       1142.15","       1149.10","       1150.25","       1153.93","    4606849","          5315999681.30","     118772"
"INFY","EQ","01-Feb-2018","       1150.25","       1142.20","       1157.90","       1118.55","       1144.00","       1144.60","       1141.19","    6502727","          7420853135.00","     147460"
"INFY","EQ","02-Feb-2018","       1144.60","       1135.25","       1162.90","       1130.10","       1145.30","       1143.25","       1144.88","    5122243","          5864360399.80","     112441"
"INFY","EQ","05-Feb-2018","       1143.25","       1140.00","       1154.85","       1135.85","       1139.90","       1138.20","       1143.33","    4930110","          5636743205.35","     146880"
"INFY","EQ","06-Feb-2018","       1138.20","       1099.95","       1128.35","       1095.15","       1111.40","       1107.75","       1113.87","    5276039","          5876800708.65","     136315"
"INFY","EQ","07-Feb-2018","       1107.75","       1116.00","       1124.80","       1103.55","       1108.00","       1109.05","       1113.49","    4171028","          4644378627.35","     147324"
"INFY","EQ","08-Feb-2018","       1109.05","       1122.80","       1146.40","       1116.55","       1133.00","       1134.25","       1138.52","    4403622","          5013613141.40","     105295"
"INFY","EQ","09-Feb-2018","       1134.25","       1118.00","       1120.30","       1106.00","       1112.00","       1109.15","       1112.64","    2191345","          2438184785.65","      88836"
"INFY","EQ","12-Feb-2018","       1109.15","       1114.80","       1120.60","       1097.80","       1101.00","       1102.80","       1106.85","    3145986","          3482147219.55","      52343"
"INFY","EQ","14-Feb-2018","       1102.80","       1106.00","       1117.30","       1090.20","       1091.00","       1097.75","       1106.89","    4172856","          4618905280.35","     113292"
"INFY","EQ","15-Feb-2018","       1097.75","       1103.00","       1129.70","       1103.00","       1113.50","       1114.45","       1118.96","    3993368","          4468413992.95","      99941"
"INFY","EQ","16-Feb-2018","       1114.45","       1125.00","       1141.65","       1118.10","       1124.65","       1128.05","       1128.32","    4944611","          5579126434.35","     108882"
"INFY","EQ","19-Feb-2018","       1128.05","       1128.40","       1136.00","       1120.30","       1134.20","       1131.75","       1129.16","    3230920","          3648227633.25","      83364"
"INFY","EQ","20-Feb-2018","       1131.75","       1103.75","       1149.50","       1103.75","       1135.00","       1136.95","       1141.14","    3594297","          4101611224.80","      97878"
"INFY","EQ","21-Feb-2018","       1136.95","       1147.50","       1151.90","       1140.00","       1145.00","       1147.40","       1146.98","    6885679","          7897738207.20","     169230"
"INFY","EQ","22-Feb-2018","       1147.40","       1145.55","       1164.00","       1140.45","       1159.00","       1160.75","       1157.22","    8929987","         10333995037.10","     151810"
"INFY","EQ","23-Feb-2018","       1160.75","       1163.50","       1166.00","       1146.75","       1154.40","       1155.65","       1158.08","    4729914","          5477635155.05","     128746"
"INFY","EQ","26-Feb-2018","       1155.65","       1151.00","       1155.05","       1134.35","       1139.95","       1138.60","       1142.81","    2541804","          2904793409.75","      76083"
"INFY","EQ","27-Feb-2018","       1138.60","       1144.95","       1153.65","       1125.65","       1147.70","       1150.20","       1139.08","    3308013","          3768101538.50","     140175"
"INFY","EQ","28-Feb-2018","       1150.20","       1147.60","       1189.50","       1142.55","       1169.85","       1172.60","       1172.09","    8634208","         10120034869.50","     229051"
"INFY","EQ","01-Mar-2018","       1172.60","       1169.60","       1169.60","       1156.05","       1160.25","       1160.75","       1161.83","    3289926","          3822336358.20","      95568"
"INFY","EQ","05-Mar-2018","       1160.75","       1160.75","       1170.80","       1143.25","       1159.70","       1155.90","       1158.68","    4050728","          4693511961.40","     150137"
"INFY","EQ","06-Mar-2018","       1155.90","       1162.55","       1165.40","       1143.60","       1146.25","       1151.35","       1157.61","    3344867","          3872054670.15","     123734"
"INFY","EQ","07-Mar-2018","       1151.35","       1155.00","       1160.00","       1138.05","       1147.80","       1144.10","       1148.31","    3185208","          3657594847.95","      91049"
"INFY","EQ","08-Mar-2018","       1144.10","       1149.00","       1165.80","       1149.00","       1158.00","       1156.65","       1158.61","    3046507","          3529721779.15","     110975"
"INFY","EQ","09-Mar-2018","       1156.65","       1162.35","       1166.00","       1155.55","       1164.00","       1163.40","       1162.36","    2110482","          2453138902.30","      83674"
"INFY","EQ","12-Mar-2018","       1163.40","       1176.00","       1191.85","       1171.75","       1184.00","       1185.75","       1186.26","    3838485","          4553456408.55","      82530"
"INFY","EQ","13-Mar-2018","       1185.75","       1180.20","       1197.00","       1175.15","       1182.00","       1183.80","       1187.19","    4290526","          5093652781.45","     101093"
"INFY","EQ","14-Mar-2018","       1183.80","       1180.00","       1190.60","       1169.10","       1181.10","       1180.80","       1180.26","    2214855","          2614111789.60","      54069"
"INFY","EQ","15-Mar-2018","       1180.80","       1180.00","       1188.40","       1172.00","       1181.90","       1182.50","       1180.88","    3050750","          3602569982.25","      49232"
"INFY","EQ","16-Mar-2018","       1182.50","       1182.00","       1182.40","       1169.25","       1170.00","       1171.90","       1172.96","    8977413","         10530177258.40","     156251"
"INFY","EQ","19-Mar-2018","       1171.90","       1164.00","       1180.50","       1142.65","       1148.00","       1146.75","       1156.94","    3763310","          4353937861.65","     114366"
"INFY","EQ","20-Mar-2018","       1146.75","       1148.60","       1170.00","       1148.60","       1164.55","       1164.55","       1159.74","    4276883","          4960076507.65","     111232"
"INFY","EQ","21-Mar-2018","       1164.55","       1170.00","       1175.50","       1162.20","       1166.20","       1167.50","       1171.53","    3846497","          4506270593.40","     121529"
"INFY","EQ","22-Mar-2018","       1167.50","       1164.50","       1177.45","       1155.30","       1156.00","       1161.30","       1167.57","    3406584","          3977430906.00","      82774"
"INFY","EQ","23-Mar-2018","       1161.30","       1147.00","       1173.80","       1142.35","       1165.00","       1167.60","       1164.59","    6004042","          6992254285.45","     117145"
"INFY","EQ","26-Mar-2018","       1167.60","       1166.90","       1166.90","       1144.00","       1155.60","       1155.25","       1153.17","    4465361","          5149317138.80","     101964"
